[{"category":"geography","id":"6237428ccb85f7ce9e949dd8","correctAnswer":"Dushanbe","incorrectAnswers":["Moscow","Vilnius","Antananarivo"],"question":{"text":"What is the capital city of Tajikistan?"},"tags":["geography"],"type":"text_choice","difficulty":"hard","regions":[],"isNiche":false},{"category":"arts_and_literature","id":"622a1c367cc59eab6f950192","correctAnswer":"Rembrandt","incorrectAnswers":["Vermeer","Van Gogh","Monet"],"question":{"text":"What Dutch master painted 64 self-portraits?"},"tags":["painting","art","the_netherlands","arts_and_literature"],"type":"text_choice","difficulty":"hard","regions":[],"isNiche":false},{"category":"sport_and_leisure","id":"622a1c357cc59eab6f950020","correctAnswer":"Tennis","incorrectAnswers":["Soccer","Badminton","Volleyball"],"question":{"text":"Within Which Sport Might You Encounter The Cyclops System?"},"tags":["technology","sport"],"type":"text_choice","difficulty":"medium","regions":[],"isNiche":false},{"category":"society_and_culture","id":"622a1c3d7cc59eab6f951b98","correctAnswer":"Christian Dior","incorrectAnswers":["Coco Chanel","Yves Saint Laurent","Pierre Cardin"],"question":{"text":"In 1950 which French designer created the so-called 'New Look'?"},"tags":["people","fashion","society_and_culture"],"type":"text_choice","difficulty":"hard","regions":[],"isNiche":false},{"category":"music","id":"625064a0e12f6dec240bdfc1","correctAnswer":"What I Am","incorrectAnswers":["Turning Japanese","Rebirth of Slick (Cool Like Dat)","Electric Avenue"],"question":{"text":"Edie Brickell & New Bohemians had a one hit wonder in 1986 with which song?"},"tags":["songs","one_hit_wonders","music"],"type":"text_choice","difficulty":"hard","regions":[],"isNiche":false},{"category":"arts_and_literature","id":"622a1c397cc59eab6f950eee","correctAnswer":"Joseph Conrad","incorrectAnswers":["Charles Dickens","Henryk Sienkiewicz","Oscar Wilde"],"question":{"text":"Which author wrote 'Heart of Darkness'?"},"tags":["classic_novels","literature","arts_and_literature"],"type":"text_choice","difficulty":"hard","regions":[],"isNiche":false},{"category":"science","id":"622a1c3e7cc59eab6f952274","correctAnswer":"Twice the speed of sound","incorrectAnswers":["Twice the speed of light","200 miles per hour","2 miles per second"],"question":{"text":"If you were travelling at mach 2 how fast would you be travelling?"},"tags":["science","words"],"type":"text_choice","difficulty":"medium","regions":[],"isNiche":false},{"category":"film_and_tv","id":"625740a49da29df7b05f73ed","correctAnswer":"Chinatown","incorrectAnswers":["Gran Torino","Up","Gone Girl"],"question":{"text":"Name the movie that matches the following plot summary: 'A detective hired to expose an adulterer finds himself caught up in a web of deceit.'"},"tags":["film","film_and_tv"],"type":"text_choice","difficulty":"medium","regions":[],"isNiche":false},{"category":"music","id":"622a1c397cc59eab6f950d1f","correctAnswer":"The Beatles","incorrectAnswers":["Deep Purple","Feeder","Uriah Heep"],"question":{"text":"Which English rock band released the studio album 'Yellow Submarine'?"},"tags":["rock_music","general_knowledge","music"],"type":"text_choice","difficulty":"easy","regions":[],"isNiche":false},{"category":"history","id":"622a1c3c7cc59eab6f9517fa","correctAnswer":"Pompeii","incorrectAnswers":["Genoa","Capua","Ostia"],"question":{"text":"Which Roman city was buried under volcanic ash from Mount Vesuvius In 79A.D.?"},"tags":["romans","volcanoes","italy","classics","history"],"type":"text_choice","difficulty":"easy","regions":[],"isNiche":false}]